Workbook

Sheet 안내
B1: F14 나이스 평가계획 일괄업로드 작성 도우미 — 사용 안내
B4: 나이스 경로: [성적]-[평가계획]-[평가계획(안)관리] → {일괄업로드} → {샘플엑셀다운로드} → 샘플에 옮겨 적기 → {엑셀업로드} → {일괄저장} [GD p.29~30, QA Q46]
B5: 샘플 엑셀의 항목: 학교자율시간 과목(활동) 영역명, 성취기준, 평가요소 [GD p.29~30]
B6: "코드 형식 점검"은 [학년(3~6)+편성 교과 첫 글자+활동명 약칭+영역번호 두 자리-순서 두 자리] 꼴인지 봅니다(예: [5과생태01-01]) [GD p.18]. 약칭 글자가 알맞은지는 사람이 확인합니다.
B7: 학교자율시간 성취기준은 {가져오기}로 불러올 수 없으므로 {영역명관리}로 직접 넣거나 일괄업로드를 씁니다 [QA Q46].
B9: 쓰는 차례
B10: 1) "입력" 시트 노란 칸에 설계안(F02 신청서 ③-나 성취기준, ④-나 평가 계획)의 영역명·성취기준 코드·문장·평가요소를 옮겨 적습니다.
B11: 2) "나이스붙여넣기" 시트에서 세 열(영역명, 성취기준, 평가요소)이 자동으로 만들어집니다.
B12: 3) 나이스에서 받은 샘플 파일의 열 이름과 순서를 먼저 확인하고, 순서가 다르면 맞추어 값만 붙여 넣습니다(값 붙여넣기).
B13: 4) 업로드 뒤 [평가기준관리]에서 성취수준(평가기준)을 확인하고, 평가계획(안)은 학업성적관리위원회 심의를 거쳐 마감·결재합니다. 마감 뒤에는 고칠 수 없고 "기결취소 상신"이 필요합니다 [GD p.31].
B15: ※ 나이스 샘플 파일 자체는 이 파일에 넣지 않았습니다. 반드시 나이스에서 내려받은 샘플을 씁니다.
B16: ※ 활동도 2개 이상 영역으로 개발합니다(예전처럼 활동명을 영역명으로 대신 쓰지 않음) [QA Q47].

Sheet 입력
B1: F14 입력 — 영역·성취기준·평가요소
B4: 번호 | C4: 영역명 | D4: 성취기준 코드 | E4: 성취기준 문장 | F4: 평가요소 | G4: 평가 방법(참고) | H4: 평가 시기(참고) | I4: 코드 형식 점검
B5: 1 | I5: =IF(D5="","",IFERROR(IF(AND(LEN(D5)>=10,LEFT(D5,1)="[",RIGHT(D5,1)="]",ISNUMBER(FIND(MID(D5,2,1),"3456")),ISERROR(FIND(MID(D5,3,1),"0123456789-[]")),ISERROR(FIND(MID(D5,LEN(D5)-6,1),"0123456789-[]")),ISNUMBER(FIND(MID(D5,LEN(D5)-5,1),"0123456789")),ISNUMBER(FIND(MID(D5,LEN(D5)-4,1),"0123456789")),MID(D5,LEN(D5)-3,1)="-",ISNUMBER(FIND(MID(D5,LEN(D5)-2,1),"0123456789")),ISNUMBER(FIND(MID(D5,LEN(D5)-1,1),"0123456789")),ISERROR(FIND("-",LEFT(D5,LEN(D5)-4)))),"형식 맞음","형식 다름"),"형식 다름"))
B6: 2 | I6: =IF(D6="","",IFERROR(IF(AND(LEN(D6)>=10,LEFT(D6,1)="[",RIGHT(D6,1)="]",ISNUMBER(FIND(MID(D6,2,1),"3456")),ISERROR(FIND(MID(D6,3,1),"0123456789-[]")),ISERROR(FIND(MID(D6,LEN(D6)-6,1),"0123456789-[]")),ISNUMBER(FIND(MID(D6,LEN(D6)-5,1),"0123456789")),ISNUMBER(FIND(MID(D6,LEN(D6)-4,1),"0123456789")),MID(D6,LEN(D6)-3,1)="-",ISNUMBER(FIND(MID(D6,LEN(D6)-2,1),"0123456789")),ISNUMBER(FIND(MID(D6,LEN(D6)-1,1),"0123456789")),ISERROR(FIND("-",LEFT(D6,LEN(D6)-4)))),"형식 맞음","형식 다름"),"형식 다름"))
B7: 3 | I7: =IF(D7="","",IFERROR(IF(AND(LEN(D7)>=10,LEFT(D7,1)="[",RIGHT(D7,1)="]",ISNUMBER(FIND(MID(D7,2,1),"3456")),ISERROR(FIND(MID(D7,3,1),"0123456789-[]")),ISERROR(FIND(MID(D7,LEN(D7)-6,1),"0123456789-[]")),ISNUMBER(FIND(MID(D7,LEN(D7)-5,1),"0123456789")),ISNUMBER(FIND(MID(D7,LEN(D7)-4,1),"0123456789")),MID(D7,LEN(D7)-3,1)="-",ISNUMBER(FIND(MID(D7,LEN(D7)-2,1),"0123456789")),ISNUMBER(FIND(MID(D7,LEN(D7)-1,1),"0123456789")),ISERROR(FIND("-",LEFT(D7,LEN(D7)-4)))),"형식 맞음","형식 다름"),"형식 다름"))
B8: 4 | I8: =IF(D8="","",IFERROR(IF(AND(LEN(D8)>=10,LEFT(D8,1)="[",RIGHT(D8,1)="]",ISNUMBER(FIND(MID(D8,2,1),"3456")),ISERROR(FIND(MID(D8,3,1),"0123456789-[]")),ISERROR(FIND(MID(D8,LEN(D8)-6,1),"0123456789-[]")),ISNUMBER(FIND(MID(D8,LEN(D8)-5,1),"0123456789")),ISNUMBER(FIND(MID(D8,LEN(D8)-4,1),"0123456789")),MID(D8,LEN(D8)-3,1)="-",ISNUMBER(FIND(MID(D8,LEN(D8)-2,1),"0123456789")),ISNUMBER(FIND(MID(D8,LEN(D8)-1,1),"0123456789")),ISERROR(FIND("-",LEFT(D8,LEN(D8)-4)))),"형식 맞음","형식 다름"),"형식 다름"))
B9: 5 | I9: =IF(D9="","",IFERROR(IF(AND(LEN(D9)>=10,LEFT(D9,1)="[",RIGHT(D9,1)="]",ISNUMBER(FIND(MID(D9,2,1),"3456")),ISERROR(FIND(MID(D9,3,1),"0123456789-[]")),ISERROR(FIND(MID(D9,LEN(D9)-6,1),"0123456789-[]")),ISNUMBER(FIND(MID(D9,LEN(D9)-5,1),"0123456789")),ISNUMBER(FIND(MID(D9,LEN(D9)-4,1),"0123456789")),MID(D9,LEN(D9)-3,1)="-",ISNUMBER(FIND(MID(D9,LEN(D9)-2,1),"0123456789")),ISNUMBER(FIND(MID(D9,LEN(D9)-1,1),"0123456789")),ISERROR(FIND("-",LEFT(D9,LEN(D9)-4)))),"형식 맞음","형식 다름"),"형식 다름"))
B10: 6 | I10: =IF(D10="","",IFERROR(IF(AND(LEN(D10)>=10,LEFT(D10,1)="[",RIGHT(D10,1)="]",ISNUMBER(FIND(MID(D10,2,1),"3456")),ISERROR(FIND(MID(D10,3,1),"0123456789-[]")),ISERROR(FIND(MID(D10,LEN(D10)-6,1),"0123456789-[]")),ISNUMBER(FIND(MID(D10,LEN(D10)-5,1),"0123456789")),ISNUMBER(FIND(MID(D10,LEN(D10)-4,1),"0123456789")),MID(D10,LEN(D10)-3,1)="-",ISNUMBER(FIND(MID(D10,LEN(D10)-2,1),"0123456789")),ISNUMBER(FIND(MID(D10,LEN(D10)-1,1),"0123456789")),ISERROR(FIND("-",LEFT(D10,LEN(D10)-4)))),"형식 맞음","형식 다름"),"형식 다름"))
B11: 7 | I11: =IF(D11="","",IFERROR(IF(AND(LEN(D11)>=10,LEFT(D11,1)="[",RIGHT(D11,1)="]",ISNUMBER(FIND(MID(D11,2,1),"3456")),ISERROR(FIND(MID(D11,3,1),"0123456789-[]")),ISERROR(FIND(MID(D11,LEN(D11)-6,1),"0123456789-[]")),ISNUMBER(FIND(MID(D11,LEN(D11)-5,1),"0123456789")),ISNUMBER(FIND(MID(D11,LEN(D11)-4,1),"0123456789")),MID(D11,LEN(D11)-3,1)="-",ISNUMBER(FIND(MID(D11,LEN(D11)-2,1),"0123456789")),ISNUMBER(FIND(MID(D11,LEN(D11)-1,1),"0123456789")),ISERROR(FIND("-",LEFT(D11,LEN(D11)-4)))),"형식 맞음","형식 다름"),"형식 다름"))
B12: 8 | I12: =IF(D12="","",IFERROR(IF(AND(LEN(D12)>=10,LEFT(D12,1)="[",RIGHT(D12,1)="]",ISNUMBER(FIND(MID(D12,2,1),"3456")),ISERROR(FIND(MID(D12,3,1),"0123456789-[]")),ISERROR(FIND(MID(D12,LEN(D12)-6,1),"0123456789-[]")),ISNUMBER(FIND(MID(D12,LEN(D12)-5,1),"0123456789")),ISNUMBER(FIND(MID(D12,LEN(D12)-4,1),"0123456789")),MID(D12,LEN(D12)-3,1)="-",ISNUMBER(FIND(MID(D12,LEN(D12)-2,1),"0123456789")),ISNUMBER(FIND(MID(D12,LEN(D12)-1,1),"0123456789")),ISERROR(FIND("-",LEFT(D12,LEN(D12)-4)))),"형식 맞음","형식 다름"),"형식 다름"))
B13: 9 | I13: =IF(D13="","",IFERROR(IF(AND(LEN(D13)>=10,LEFT(D13,1)="[",RIGHT(D13,1)="]",ISNUMBER(FIND(MID(D13,2,1),"3456")),ISERROR(FIND(MID(D13,3,1),"0123456789-[]")),ISERROR(FIND(MID(D13,LEN(D13)-6,1),"0123456789-[]")),ISNUMBER(FIND(MID(D13,LEN(D13)-5,1),"0123456789")),ISNUMBER(FIND(MID(D13,LEN(D13)-4,1),"0123456789")),MID(D13,LEN(D13)-3,1)="-",ISNUMBER(FIND(MID(D13,LEN(D13)-2,1),"0123456789")),ISNUMBER(FIND(MID(D13,LEN(D13)-1,1),"0123456789")),ISERROR(FIND("-",LEFT(D13,LEN(D13)-4)))),"형식 맞음","형식 다름"),"형식 다름"))
B14: 10 | I14: =IF(D14="","",IFERROR(IF(AND(LEN(D14)>=10,LEFT(D14,1)="[",RIGHT(D14,1)="]",ISNUMBER(FIND(MID(D14,2,1),"3456")),ISERROR(FIND(MID(D14,3,1),"0123456789-[]")),ISERROR(FIND(MID(D14,LEN(D14)-6,1),"0123456789-[]")),ISNUMBER(FIND(MID(D14,LEN(D14)-5,1),"0123456789")),ISNUMBER(FIND(MID(D14,LEN(D14)-4,1),"0123456789")),MID(D14,LEN(D14)-3,1)="-",ISNUMBER(FIND(MID(D14,LEN(D14)-2,1),"0123456789")),ISNUMBER(FIND(MID(D14,LEN(D14)-1,1),"0123456789")),ISERROR(FIND("-",LEFT(D14,LEN(D14)-4)))),"형식 맞음","형식 다름"),"형식 다름"))
B15: 11 | I15: =IF(D15="","",IFERROR(IF(AND(LEN(D15)>=10,LEFT(D15,1)="[",RIGHT(D15,1)="]",ISNUMBER(FIND(MID(D15,2,1),"3456")),ISERROR(FIND(MID(D15,3,1),"0123456789-[]")),ISERROR(FIND(MID(D15,LEN(D15)-6,1),"0123456789-[]")),ISNUMBER(FIND(MID(D15,LEN(D15)-5,1),"0123456789")),ISNUMBER(FIND(MID(D15,LEN(D15)-4,1),"0123456789")),MID(D15,LEN(D15)-3,1)="-",ISNUMBER(FIND(MID(D15,LEN(D15)-2,1),"0123456789")),ISNUMBER(FIND(MID(D15,LEN(D15)-1,1),"0123456789")),ISERROR(FIND("-",LEFT(D15,LEN(D15)-4)))),"형식 맞음","형식 다름"),"형식 다름"))
B16: 12 | I16: =IF(D16="","",IFERROR(IF(AND(LEN(D16)>=10,LEFT(D16,1)="[",RIGHT(D16,1)="]",ISNUMBER(FIND(MID(D16,2,1),"3456")),ISERROR(FIND(MID(D16,3,1),"0123456789-[]")),ISERROR(FIND(MID(D16,LEN(D16)-6,1),"0123456789-[]")),ISNUMBER(FIND(MID(D16,LEN(D16)-5,1),"0123456789")),ISNUMBER(FIND(MID(D16,LEN(D16)-4,1),"0123456789")),MID(D16,LEN(D16)-3,1)="-",ISNUMBER(FIND(MID(D16,LEN(D16)-2,1),"0123456789")),ISNUMBER(FIND(MID(D16,LEN(D16)-1,1),"0123456789")),ISERROR(FIND("-",LEFT(D16,LEN(D16)-4)))),"형식 맞음","형식 다름"),"형식 다름"))
... B34: 30 | I34: =IF(D34="","",IFERROR(IF(AND(LEN(D34)>=10,LEFT(D34,1)="[",RIGHT(D34,1)="]",ISNUMBER(FIND(MID(D34,2,1),"3456")),ISERROR(FIND(MID(D34,3,1),"0123456789-[]")),ISERROR(FIND(MID(D34,LEN(D34)-6,1),"0123456789-[]")),ISNUMBER(FIND(MID(D34,LEN(D34)-5,1),"0123456789")),ISNUMBER(FIND(MID(D34,LEN(D34)-4,1),"0123456789")),MID(D34,LEN(D34)-3,1)="-",ISNUMBER(FIND(MID(D34,LEN(D34)-2,1),"0123456789")),ISNUMBER(FIND(MID(D34,LEN(D34)-1,1),"0123456789")),ISERROR(FIND("-",LEFT(D34,LEN(D34)-4)))),"형식 맞음","형식 다름"),"형식 다름"))

Sheet 나이스붙여넣기
B1: F14 나이스 샘플에 붙여 넣을 값(자동)
B4: 학교자율시간 과목(활동) 영역명 | C4: 성취기준 | D4: 평가요소
B5: =IF(입력!C5="","",입력!C5) | C5: =IF(입력!E5="","",IF(입력!D5="",입력!E5,입력!D5&" "&입력!E5)) | D5: =IF(입력!F5="","",입력!F5)
B6: =IF(입력!C6="","",입력!C6) | C6: =IF(입력!E6="","",IF(입력!D6="",입력!E6,입력!D6&" "&입력!E6)) | D6: =IF(입력!F6="","",입력!F6)
B7: =IF(입력!C7="","",입력!C7) | C7: =IF(입력!E7="","",IF(입력!D7="",입력!E7,입력!D7&" "&입력!E7)) | D7: =IF(입력!F7="","",입력!F7)
B8: =IF(입력!C8="","",입력!C8) | C8: =IF(입력!E8="","",IF(입력!D8="",입력!E8,입력!D8&" "&입력!E8)) | D8: =IF(입력!F8="","",입력!F8)
B9: =IF(입력!C9="","",입력!C9) | C9: =IF(입력!E9="","",IF(입력!D9="",입력!E9,입력!D9&" "&입력!E9)) | D9: =IF(입력!F9="","",입력!F9)
B10: =IF(입력!C10="","",입력!C10) | C10: =IF(입력!E10="","",IF(입력!D10="",입력!E10,입력!D10&" "&입력!E10)) | D10: =IF(입력!F10="","",입력!F10)
B11: =IF(입력!C11="","",입력!C11) | C11: =IF(입력!E11="","",IF(입력!D11="",입력!E11,입력!D11&" "&입력!E11)) | D11: =IF(입력!F11="","",입력!F11)
B12: =IF(입력!C12="","",입력!C12) | C12: =IF(입력!E12="","",IF(입력!D12="",입력!E12,입력!D12&" "&입력!E12)) | D12: =IF(입력!F12="","",입력!F12)
B13: =IF(입력!C13="","",입력!C13) | C13: =IF(입력!E13="","",IF(입력!D13="",입력!E13,입력!D13&" "&입력!E13)) | D13: =IF(입력!F13="","",입력!F13)
B14: =IF(입력!C14="","",입력!C14) | C14: =IF(입력!E14="","",IF(입력!D14="",입력!E14,입력!D14&" "&입력!E14)) | D14: =IF(입력!F14="","",입력!F14)
B15: =IF(입력!C15="","",입력!C15) | C15: =IF(입력!E15="","",IF(입력!D15="",입력!E15,입력!D15&" "&입력!E15)) | D15: =IF(입력!F15="","",입력!F15)
B16: =IF(입력!C16="","",입력!C16) | C16: =IF(입력!E16="","",IF(입력!D16="",입력!E16,입력!D16&" "&입력!E16)) | D16: =IF(입력!F16="","",입력!F16)
... B34: =IF(입력!C34="","",입력!C34) | C34: =IF(입력!E34="","",IF(입력!D34="",입력!E34,입력!D34&" "&입력!E34)) | D34: =IF(입력!F34="","",입력!F34)
